Ref,Value,MPN,Footprint,Qty,DNP,LCSC,Consign/Global sourcing
C1,4.7u,CL10A475KA8NQNC,Capacitor_SMD:C_0603_1608Metric,1,,C69335,
C2,4.7u,GRM155R60J475ME87,Capacitor_SMD:C_0402_1005Metric,1,,,
C3,1u,GRM155R61A105KE15,Capacitor_SMD:C_0402_1005Metric,1,,,
C4,1u,GRM155R61A105KE15,Capacitor_SMD:C_0402_1005Metric,1,,,
C6,1u,GRM155R61A105KE15,Capacitor_SMD:C_0402_1005Metric,1,,,
C7,22u,CL10A226MQ8NRNC,Capacitor_SMD:C_0603_1608Metric,1,,C59461,
C8,100n,GRM155R71C104KA88,Capacitor_SMD:C_0402_1005Metric,1,,,
C9,4.7u,GRM155R60J475ME87,Capacitor_SMD:C_0402_1005Metric,1,,,
C10,1u,CL10A105KA8NNNC,Capacitor_SMD:C_0603_1608Metric,1,,,
C11,1u,GRM155R61A105KE15,Capacitor_SMD:C_0402_1005Metric,1,,,
C13,100n,GRM155R71C104KA88,Capacitor_SMD:C_0402_1005Metric,1,,,
C14,1u,GRM155R61A105KE15,Capacitor_SMD:C_0402_1005Metric,1,,,
C15,100n,GRM155R71C104KA88,Capacitor_SMD:C_0402_1005Metric,1,,,
C16,1u,GRM155R61A105KE15,Capacitor_SMD:C_0402_1005Metric,1,,,
C18,100n,GRM155R71C104KA88,Capacitor_SMD:C_0402_1005Metric,1,,,
C19,1u,GRM155R61A105KE15,Capacitor_SMD:C_0402_1005Metric,1,,,
C20,4.7u,GRM155R60J475ME87,Capacitor_SMD:C_0402_1005Metric,1,,,
C21,470n,GRM155R61A474KE15,Capacitor_SMD:C_0402_1005Metric,1,,,
C22,470n,GRM155R61A474KE15,Capacitor_SMD:C_0402_1005Metric,1,,,
C23,470n,GRM155R61A474KE15,Capacitor_SMD:C_0402_1005Metric,1,,,
C24,100n,GRM155R71C104KA88,Capacitor_SMD:C_0402_1005Metric,1,,,
C25,100n,GRM155R71C104KA88,Capacitor_SMD:C_0402_1005Metric,1,,,
C26,1u,GRM155R61A105KE15,Capacitor_SMD:C_0402_1005Metric,1,,,
C27,100n,GRM155R71C104KA88,Capacitor_SMD:C_0402_1005Metric,1,,,
C28,100n,GRM155R71C104KA88,Capacitor_SMD:C_0402_1005Metric,1,,,
C29,100n,GRM155R71C104KA88,Capacitor_SMD:C_0402_1005Metric,1,,,
C30,10u,GRM155R60J106ME05,Capacitor_SMD:C_0402_1005Metric,1,,,
C32,1u,GRM155R61A105KE15,Capacitor_SMD:C_0402_1005Metric,1,,,
C33,1u,GRM155R61A105KE15,Capacitor_SMD:C_0402_1005Metric,1,,,
C34,47n,GRM155R71H473KA88,Capacitor_SMD:C_0402_1005Metric,1,,,
C35,4.7n,GRM1555C1H472JA01,Capacitor_SMD:C_0402_1005Metric,1,,,
C36,100n,GRM155R71C104KA88,Capacitor_SMD:C_0402_1005Metric,1,,,
C37,100n,GRM155R71C104KA88,Capacitor_SMD:C_0402_1005Metric,1,,,
C38,100n,GRM155R71C104KA88,Capacitor_SMD:C_0402_1005Metric,1,,,
C39,100n,GRM155R71C104KA88,Capacitor_SMD:C_0402_1005Metric,1,,,
C40,100n,GRM155R71C104KA88,Capacitor_SMD:C_0402_1005Metric,1,,,
C41,100n,GRM155R71C104KA88,Capacitor_SMD:C_0402_1005Metric,1,,,
C42,1u,GRM155R61A105KE15,Capacitor_SMD:C_0402_1005Metric,1,,,
C43,1u,GRM155R61A105KE15,Capacitor_SMD:C_0402_1005Metric,1,,,
C44,10u,GRM188R61A106ME69,Capacitor_SMD:C_0603_1608Metric,1,,,
C45,22u,GRM188R61A226ME15,Capacitor_SMD:C_0603_1608Metric,1,,,
C46,2.2u,GRM155R60J225ME15,Capacitor_SMD:C_0402_1005Metric,1,,,
C47,4.7u,GRM188R61A475KE15,Capacitor_SMD:C_0603_1608Metric,1,,,
C48,2.2n,GRM1555C1H222JA01,Capacitor_SMD:C_0402_1005Metric,1,,,
C49,2.2n,GRM1555C1H222JA01,Capacitor_SMD:C_0402_1005Metric,1,,,
C50,100n,GRM155R71C104KA88,Capacitor_SMD:C_0402_1005Metric,1,,,
C51,100n,GRM155R71C104KA88,Capacitor_SMD:C_0402_1005Metric,1,,,
C52,2.2n,GRM1555C1H222JA01,Capacitor_SMD:C_0402_1005Metric,1,,,
C53,2.2n,GRM1555C1H222JA01,Capacitor_SMD:C_0402_1005Metric,1,,,
C54,15n,GRM155R71H153KA12,Capacitor_SMD:C_0402_1005Metric,1,,,
C55,470n,GRM155R61A474KE15,Capacitor_SMD:C_0402_1005Metric,1,,,
C56,100n,GRM155R71C104KA88,Capacitor_SMD:C_0402_1005Metric,1,,,
C57,100n,GRM155R71C104KA88,Capacitor_SMD:C_0402_1005Metric,1,,,
C58,100n,GRM155R71C104KA88,Capacitor_SMD:C_0402_1005Metric,1,,,
C59,100n,GRM155R71C104KA88,Capacitor_SMD:C_0402_1005Metric,1,,,
C60,100n,GRM155R71C104KA88,Capacitor_SMD:C_0402_1005Metric,1,,,
C61,100n,GRM155R71C104KA88,Capacitor_SMD:C_0402_1005Metric,1,,,
C62,100n,GRM155R71C104KA88,Capacitor_SMD:C_0402_1005Metric,1,,,
C63,100n,GRM155R71C104KA88,Capacitor_SMD:C_0402_1005Metric,1,,,
C64,1u,GRM155R61A105KE15,Capacitor_SMD:C_0402_1005Metric,1,,,
C65,1.5n,GRM1555C1H152JA01,Capacitor_SMD:C_0402_1005Metric,1,,,
C66,1u,GRM155R61A105KE15,Capacitor_SMD:C_0402_1005Metric,1,,,
C67,15n,GRM155R71H153KA12,Capacitor_SMD:C_0402_1005Metric,1,,,
C68,470n,GRM155R61A474KE15,Capacitor_SMD:C_0402_1005Metric,1,,,
C69,470n,GRM155R61A474KE15,Capacitor_SMD:C_0402_1005Metric,1,,,
C70,470n,GRM155R61A474KE15,Capacitor_SMD:C_0402_1005Metric,1,,,
D1,TPD1E10B06,TPD1E10B06DPYR,vitalq:TPD1E10B06_DPY,1,,,
D2,TPD1E10B06,TPD1E10B06DPYR,vitalq:TPD1E10B06_DPY,1,,,
D3,TPD1E10B06,TPD1E10B06DPYR,vitalq:TPD1E10B06_DPY,1,,,
D4,TPD1E10B06,TPD1E10B06DPYR,vitalq:TPD1E10B06_DPY,1,,,
D5,TPD1E10B06,TPD1E10B06DPYR,vitalq:TPD1E10B06_DPY,1,,,
D6,TPD1E10B06,TPD1E10B06DPYR,vitalq:TPD1E10B06_DPY,1,,,
D7,TPD1E10B06,TPD1E10B06DPYR,vitalq:TPD1E10B06_DPY,1,,,
D8,TPD1E10B06,TPD1E10B06DPYR,vitalq:TPD1E10B06_DPY,1,,,
D9,TPD1E10B06,TPD1E10B06DPYR,vitalq:TPD1E10B06_DPY,1,,,
D10,NF2W757G-F1,NF2W757G-F1,vitalq:NF2W757G,1,,,consign/global sourcing
D11,SFH4053,SFH 4053,LED_SMD:LED_0402_1005Metric,1,,,
D21,TPD1E10B06,TPD1E10B06DPYR,vitalq:TPD1E10B06_DPY,1,,,
D22,TPD1E10B06,TPD1E10B06DPYR,vitalq:TPD1E10B06_DPY,1,,,
D23,TPD1E10B06,TPD1E10B06DPYR,vitalq:TPD1E10B06_DPY,1,,,
D24,TPD1E10B06,TPD1E10B06DPYR,vitalq:TPD1E10B06_DPY,1,,,
D25,KT-0603G,KT-0603G,LED_SMD:LED_0603_1608Metric,1,,C12624,
FID1,FID,,vitalq:Fiducial_1mm,1,,,
FID2,FID,,vitalq:Fiducial_1mm,1,,,
FID3,FID,,vitalq:Fiducial_1mm,1,,,
FID4,FID,,vitalq:Fiducial_1mm,1,,,
FID5,FID,,vitalq:Fiducial_1mm,1,,,
FID6,FID,,vitalq:Fiducial_1mm,1,,,
H1,M2,,MountingHole:MountingHole_2.2mm_M2,1,,,
H2,M2,,MountingHole:MountingHole_2.2mm_M2,1,,,
J1,USB-C,TYPE-C-31-M-12,Connector_USB:USB_C_Receptacle_HRO_TYPE-C-31-M-12,1,,,
J2,LiPo pads,solder pads,vitalq:Pads_LiPo,1,,,
J3,FSR pads,solder pads,vitalq:Pads_FSR,1,,,
J5,ECG pads,solder pads,vitalq:Pads_ECG,1,,,
J6,EDA pads,solder pads,vitalq:Pads_EDA,1,,,
J7,Chest bioZ,solder pads,vitalq:Pads_BIOZ,1,,,
J8,TC2030,solder pads,Connector:Tag-Connect_TC2030-IDC-NL_2x03_P1.27mm_Vertical,1,,,
L1,0.47u,DFE201612E-R47M,vitalq:L_DFE201612E,1,,,
L2,1.0u,DFE201612E-1R0M,vitalq:L_DFE201612E,1,,,
Q1,CSD13380F3T,CSD13380F3T,Package_DFN_QFN:Texas_PicoStar_DFN-3_0.69x0.60mm,1,,C2871092,
Q2,CSD13380F3T,CSD13380F3T,Package_DFN_QFN:Texas_PicoStar_DFN-3_0.69x0.60mm,1,,C2871092,
Q3,"BC847BS,115","BC847BS,115",Package_TO_SOT_SMD:SOT-363_SC-70-6,1,,,
R1,5.1k,RC0402FR-075K1L,Resistor_SMD:R_0402_1005Metric,1,,,
R2,5.1k,RC0402FR-075K1L,Resistor_SMD:R_0402_1005Metric,1,,,
R3,1.5k,0402WGF1501TCE,Resistor_SMD:R_0402_1005Metric,1,,C25867,
R5,10k,RC0402FR-0710KL,Resistor_SMD:R_0402_1005Metric,1,,C25744,
R6,10k,RC0402FR-0710KL,Resistor_SMD:R_0402_1005Metric,1,,C25744,
R7,10k,RC0402FR-0710KL,Resistor_SMD:R_0402_1005Metric,1,,C25744,
R8,10k,RC0402FR-0710KL,Resistor_SMD:R_0402_1005Metric,1,,C25744,
R9,10k,RC0402FR-0710KL,Resistor_SMD:R_0402_1005Metric,1,,C25744,
R10,1k,RC0402FR-071KL,Resistor_SMD:R_0402_1005Metric,1,,C11702,
R11,10k,RC0402FR-0710KL,Resistor_SMD:R_0402_1005Metric,1,,C25744,
R12,10,RC0402FR-0710RL,Resistor_SMD:R_0402_1005Metric,1,,,
R13,1k,RC0402FR-071KL,Resistor_SMD:R_0402_1005Metric,1,,C11702,
R14,10k,RC0402FR-0710KL,Resistor_SMD:R_0402_1005Metric,1,,C25744,
R15,1M,RC0402FR-071ML,Resistor_SMD:R_0402_1005Metric,1,,,
R16,1M,RC0402FR-071ML,Resistor_SMD:R_0402_1005Metric,1,,,
R17,1M,RC0402FR-071ML,Resistor_SMD:R_0402_1005Metric,1,,,
R18,200k,RC0402FR-07200KL,Resistor_SMD:R_0402_1005Metric,1,,,
R19,4.7k,RC0402FR-074K7L,Resistor_SMD:R_0402_1005Metric,1,,,
R20,4.7k,RC0402FR-074K7L,Resistor_SMD:R_0402_1005Metric,1,,,
R21,4.7k,RC0402FR-074K7L,Resistor_SMD:R_0402_1005Metric,1,,,
R22,4.7k,RC0402FR-074K7L,Resistor_SMD:R_0402_1005Metric,1,,,
R23,560k,RC0402FR-07560KL,Resistor_SMD:R_0402_1005Metric,1,,,
R24,100k,RC0402FR-07100KL,Resistor_SMD:R_0402_1005Metric,1,,C25741,
R25,100k,RC0402FR-07100KL,Resistor_SMD:R_0402_1005Metric,1,,C25741,
R26,10M,0402WGF1005TCE,Resistor_SMD:R_0402_1005Metric,1,,C26082,
R27,10M,0402WGF1005TCE,Resistor_SMD:R_0402_1005Metric,1,,C26082,
R28,10M,0402WGF1005TCE,Resistor_SMD:R_0402_1005Metric,1,,C26082,
R29,10M,0402WGF1005TCE,Resistor_SMD:R_0402_1005Metric,1,,C26082,
R30,40.2k,RC0402FR-0740K2L,Resistor_SMD:R_0402_1005Metric,1,,,
R31,40.2k,RC0402FR-0740K2L,Resistor_SMD:R_0402_1005Metric,1,,,
R32,51k,DPCR2512-51KJT18,Resistor_SMD:R_2512_6332Metric,1,,,consign/global sourcing
R33,51k,DPCR2512-51KJT18,Resistor_SMD:R_2512_6332Metric,1,,,consign/global sourcing
R34,51k,DPCR2512-51KJT18,Resistor_SMD:R_2512_6332Metric,1,,,consign/global sourcing
R35,51k,DPCR2512-51KJT18,Resistor_SMD:R_2512_6332Metric,1,,,consign/global sourcing
R36,51k,DPCR2512-51KJT18,Resistor_SMD:R_2512_6332Metric,1,,,consign/global sourcing
R39,1k,RC0402FR-071KL,Resistor_SMD:R_0402_1005Metric,1,,C11702,
R40,1k,RC0402FR-071KL,Resistor_SMD:R_0402_1005Metric,1,,C11702,
R41,1k,RC0402FR-071KL,Resistor_SMD:R_0402_1005Metric,1,,C11702,
R42,1k,RC0402FR-071KL,Resistor_SMD:R_0402_1005Metric,1,,C11702,
R43,5.11M,RC0402FR-075M11L,Resistor_SMD:R_0402_1005Metric,1,,,
R44,100k,RC0402FR-07100KL,Resistor_SMD:R_0402_1005Metric,1,,C25741,
R45,5.11M,RC0402FR-075M11L,Resistor_SMD:R_0402_1005Metric,1,,,
R46,100k,RC0402FR-07100KL,Resistor_SMD:R_0402_1005Metric,1,,C25741,
R47,100,RC0402FR-07100RL,Resistor_SMD:R_0402_1005Metric,1,,,
R48,100k,RC0402FR-07100KL,Resistor_SMD:R_0402_1005Metric,1,,C25741,
R49,10k,RC0402FR-0710KL,Resistor_SMD:R_0402_1005Metric,1,,C25744,
R50,100k,RC0402FR-07100KL,Resistor_SMD:R_0402_1005Metric,1,,C25741,
R51,200k,RC0402FR-07200KL,Resistor_SMD:R_0402_1005Metric,1,,,
R52,10k,RC0402FR-0710KL,Resistor_SMD:R_0402_1005Metric,1,,C25744,
R53,10k,RC0402FR-0710KL,Resistor_SMD:R_0402_1005Metric,1,,C25744,
R59,100k,RC0402FR-07100KL,Resistor_SMD:R_0402_1005Metric,1,,C25741,
R60,10k,RC0402FR-0710KL,Resistor_SMD:R_0402_1005Metric,1,,C25744,
R61,10k,NCU15XH103F6SRC,Resistor_SMD:R_0402_1005Metric,1,DNP,C25744,
R62,1k,RC0402FR-071KL,Resistor_SMD:R_0402_1005Metric,1,,C11702,
R63,22.1k,RC0402FR-0722K1L,Resistor_SMD:R_0402_1005Metric,1,,,
R64,47.5k,RC0402FR-0747K5L,Resistor_SMD:R_0402_1005Metric,1,,,
R65,10k,RC0402FR-0710KL,Resistor_SMD:R_0402_1005Metric,1,,C25744,
R66,301k,RC0402FR-07301KL,Resistor_SMD:R_0402_1005Metric,1,,,extended library; value stays 301k
R67,10k,RC0402FR-0710KL,Resistor_SMD:R_0402_1005Metric,1,,C25744,
R68,10k,RC0402FR-0710KL,Resistor_SMD:R_0402_1005Metric,1,,C25744,
R69,10k,RC0402FR-0710KL,Resistor_SMD:R_0402_1005Metric,1,,C25744,
R70,10k,RC0402FR-0710KL,Resistor_SMD:R_0402_1005Metric,1,,C25744,
R71,10k,RC0402FR-0710KL,Resistor_SMD:R_0402_1005Metric,1,,C25744,
R72,1k,RC0402FR-071KL,Resistor_SMD:R_0402_1005Metric,1,,C11702,
R73,1k,RC0402FR-071KL,Resistor_SMD:R_0402_1005Metric,1,,C11702,
R74,10k,RC0402FR-0710KL,Resistor_SMD:R_0402_1005Metric,1,,C25744,
R75,27.0k,RC0402FR-0727KL,Resistor_SMD:R_0402_1005Metric,1,,,
R76,51k,DPCR2512-51KJT18,Resistor_SMD:R_2512_6332Metric,1,,,consign/global sourcing
R77,51k,DPCR2512-51KJT18,Resistor_SMD:R_2512_6332Metric,1,,,consign/global sourcing
R78,51k,DPCR2512-51KJT18,Resistor_SMD:R_2512_6332Metric,1,,,consign/global sourcing
R79,51k,DPCR2512-51KJT18,Resistor_SMD:R_2512_6332Metric,1,,,consign/global sourcing
R80,51k,DPCR2512-51KJT18,Resistor_SMD:R_2512_6332Metric,1,,,consign/global sourcing
R81,51k,DPCR2512-51KJT18,Resistor_SMD:R_2512_6332Metric,1,,,consign/global sourcing
R82,51k,DPCR2512-51KJT18,Resistor_SMD:R_2512_6332Metric,1,,,consign/global sourcing
R83,51k,DPCR2512-51KJT18,Resistor_SMD:R_2512_6332Metric,1,,,consign/global sourcing
R84,1k,RC0402FR-071KL,Resistor_SMD:R_0402_1005Metric,1,,C11702,
R85,1k,RC0402FR-071KL,Resistor_SMD:R_0402_1005Metric,1,,C11702,
R86,1k,RC0402FR-071KL,Resistor_SMD:R_0402_1005Metric,1,,C11702,
R87,1k,RC0402FR-071KL,Resistor_SMD:R_0402_1005Metric,1,,C11702,
R88,1k,RC0402FR-071KL,Resistor_SMD:R_0402_1005Metric,1,,C11702,
R89,0,0402WGF0000TCE,Resistor_SMD:R_0402_1005Metric,1,,C17168,
R90,0,0402WGF0000TCE,Resistor_SMD:R_0402_1005Metric,1,,C17168,
R91,0,0402WGF0000TCE,Resistor_SMD:R_0402_1005Metric,1,,C17168,
R92,0,0402WGF0000TCE,Resistor_SMD:R_0402_1005Metric,1,,C17168,
R93,0,0603WAF0000T5E,Resistor_SMD:R_0603_1608Metric,1,,C21189,
R94,0,0603WAF0000T5E,Resistor_SMD:R_0603_1608Metric,1,,C21189,
R95,0,0402WGF0000TCE,Resistor_SMD:R_0402_1005Metric,1,,C17168,
R96,0,0402WGF0000TCE,Resistor_SMD:R_0402_1005Metric,1,,C17168,
R97,0,0402WGF0000TCE,Resistor_SMD:R_0402_1005Metric,1,,C17168,
R98,10k,RC0402FR-0710KL,Resistor_SMD:R_0402_1005Metric,1,,C25744,
R99,100k,RC0402FR-07100KL,Resistor_SMD:R_0402_1005Metric,1,,C25741,
R100,10k,RC0402FR-0710KL,Resistor_SMD:R_0402_1005Metric,1,,C25744,
R101,10k,RC0402FR-0710KL,Resistor_SMD:R_0402_1005Metric,1,,C25744,
SW1,TS-1088,TS-1088-AR02016,Button_Switch_SMD:SW_SPST_TS-1088-xR020,1,,C720477,
SW2,TS-1088,TS-1088-AR02016,Button_Switch_SMD:SW_SPST_TS-1088-xR020,1,,C720477,
TP1,VBUS,,TestPoint:TestPoint_Pad_D1.0mm,1,,,
TP2,VBAT,,TestPoint:TestPoint_Pad_D1.0mm,1,,,
TP3,+3V3,,TestPoint:TestPoint_Pad_D1.0mm,1,,,
TP4,+1V8,,TestPoint:TestPoint_Pad_D1.0mm,1,,,
TP5,TX_5V,,TestPoint:TestPoint_Pad_D1.0mm,1,,,
TP6,VDD_CP2102,,TestPoint:TestPoint_Pad_D1.0mm,1,,,
TP7,GND,,TestPoint:TestPoint_Pad_D1.0mm,1,,,
TP8,GND,,TestPoint:TestPoint_Pad_D1.0mm,1,,,
TP9,ESP_EN,,TestPoint:TestPoint_Pad_D1.0mm,1,,,
TP10,ESP_IO0,,TestPoint:TestPoint_Pad_D1.0mm,1,,,
TP11,ESP_TX,,TestPoint:TestPoint_Pad_D1.0mm,1,,,
TP12,ESP_RX,,TestPoint:TestPoint_Pad_D1.0mm,1,,,
TP13,I2C_SDA,,TestPoint:TestPoint_Pad_D1.0mm,1,,,
TP14,I2C_SCL,,TestPoint:TestPoint_Pad_D1.0mm,1,,,
TP15,I2C_SDA_1V8,,TestPoint:TestPoint_Pad_D1.0mm,1,,,
TP16,I2C_SCL_1V8,,TestPoint:TestPoint_Pad_D1.0mm,1,,,
TP17,SPI_SCK,,TestPoint:TestPoint_Pad_D1.0mm,1,,,
TP18,SPI_MOSI,,TestPoint:TestPoint_Pad_D1.0mm,1,,,
TP19,SPI_MISO,,TestPoint:TestPoint_Pad_D1.0mm,1,,,
TP20,CS_ADS1292,,TestPoint:TestPoint_Pad_D1.0mm,1,,,
TP21,CS_AFE4900,,TestPoint:TestPoint_Pad_D1.0mm,1,,,
TP22,CS_AD5940,,TestPoint:TestPoint_Pad_D1.0mm,1,,,
TP23,CS_FLASH,,TestPoint:TestPoint_Pad_D1.0mm,1,,,
TP24,ADS1292_DRDY,,TestPoint:TestPoint_Pad_D1.0mm,1,,,
TP25,AFE4900_ADC_RDY,,TestPoint:TestPoint_Pad_D1.0mm,1,,,
TP26,EXP_INT,,TestPoint:TestPoint_Pad_D1.0mm,1,,,
TP27,CHG_STAT,,TestPoint:TestPoint_Pad_D1.0mm,1,,,
U1,ESP32-WROOM-32E-N8R2,ESP32-WROOM-32E-N8R2,RF_Module:ESP32-WROOM-32E,1,,,
U2,BQ25170DSGR,BQ25170DSGR,Package_SON:Texas_DSG0008A_WSON-8-1EP_2x2mm_P0.5mm_EP0.9x1.6mm,1,,,
U3,TPS63802DLAR,TPS63802DLAR,Package_SON:WSON-10-1EP_2x3mm_P0.5mm_EP0.84x2.4mm,1,,,
U4,TPS7A2018PDBVR,TPS7A2018PDBVR,Package_TO_SOT_SMD:SOT-23-5,1,,,
U5,CP2102N-A02-GQFN28R,CP2102N-A02-GQFN28R,Package_DFN_QFN:QFN-28-1EP_5x5mm_P0.5mm_EP3.35x3.35mm,1,,,
U6,AFE4900YZR,AFE4900YZR,snap:BGA30N40P5X6_260X210X50,1,,,
U7,AD5940BCBZ-RL7,AD5940BCBZ-RL7,snap:BGA56C40P8X7_416X356X55,1,,C650308,
U8,ADS1292RIRSMT,ADS1292RIRSMT,snap:QFN40P400X400X100-33N-D,1,,C882777,
U9,PCA9306DCUR,PCA9306DCUR,Package_SO:VSSOP-8_2.3x2mm_P0.5mm,1,,,
U10,AS7341-DLGM,AS7341-DLGM,snap:AS7341DLGT,1,,,
U11,TMP117AIDRVR,TMP117AIDRVR,vitalq:TMP117_DRV_NOPASTE,1,,,
U12,MLX90632SLD-DCB-100-SP,MLX90632SLD-DCB-100-SP,snap:MLX90632SLDDCB100SP,1,,,consign/global sourcing
U13,BME280,BME280,Package_LGA:Bosch_LGA-8_2.5x2.5mm_P0.65mm_ClockwisePinNumbering,1,,,
U14,LSM6DSV80XTR,LSM6DSV80XTR,snap:QFN_LSM6DSV80XTR_STM,1,,,consign/global sourcing
U15,TPS61240YFFR,TPS61240YFFR,vitalq:TPS61240_YFF,1,,,
U16,SFH 7072,SFH 7072,vitalq:SFH7072,1,,C2655172,
U17,MAX17048G+T10,MAX17048G+T10,Package_DFN_QFN:TDFN-8-1EP_2x2mm_P0.5mm_EP0.8x1.2mm,1,,C2682616,
U18,W25Q512JVEIQ,W25Q512JVEIQ,vitalq:W25Q512_WSON8,1,,,consign/global sourcing
U19,TCA6408ARSVR,TCA6408ARSVR,vitalq:TCA6408A_RSV,1,,C2649390,
U20,TMP117AIDRVR,TMP117AIDRVR,vitalq:TMP117_DRV_NOPASTE,1,,,
U21,USBLC6-2SC6,USBLC6-2SC6,Package_TO_SOT_SMD:SOT-23-6,1,,C7519,
