capacitor,bypassed_component,bypassed_pin,capacitance
C1,U5,7,4700
C2,U17,2,4700
C3,U17,3,1000
C4,U14,8,1000
C10,U5,7,1000
C11,U7,A4,1000
C13,U7,F3,100
C14,U16,4,1000
C14,U16,5,1000
C14,U16,7,1000
C14,U16,11,1000
C16,U7,F2,1000
C18,U7,F2,100
C28,U8,12,100
C28,U8,14,100
C28,U8,23,100
C36,U10,1,100
C37,U24,7,100
C38,U3,6,100
C39,U25,2,100
C40,U13,2,100
C40,U13,6,100
C40,U13,8,100
C41,U20,4,100
C41,U20,5,100
C43,U7,A4,1000
C44,U3,10,10000
C45,U14,12,22000
C46,U3,1,2200
C58,U17,2,100
C59,U19,14,100
C59,U19,15,100
C60,U4,1,100
C60,U4,3,100
C61,U12,2,100
C63,U21,5,100
C64,U1,45,1000
C76,U14,5,100
C77,U23,3,100
C78,U18,3,100
C78,U18,7,100
C78,U18,8,100
C79,U6,A4,100
C79,U6,C1,100
C79,U6,C4,100
C80,U7,F3,1000
C81,U11,5,100
C84,U14,5,1000
C85,U17,3,47000
C47,U15,B2,4700
C47,U15,C2,4700
C62,U5,1,100
C62,U5,2,100
C62,U5,23,100
C62,U5,27,100
C6,U4,5,1000
C7,U1,3,22000
C8,U1,3,100
C9,U5,6,4700
C15,U6,D2,100
C19,U7,G2,1000
C20,U7,A5,4700
C21,U7,D7,470
C22,U7,D1,470
C23,U7,G3,470
C24,U7,B7,100
C25,U7,C7,100
C26,U7,B4,1000
C30,U8,9,10000
C32,U8,11,1000
C33,U8,27,1000
C42,U7,D8,1000
C48,U8,4,2.2
C49,U8,3,2.2
C52,U8,6,2.2
C53,U8,5,2.2
C66,U8,29,1000
C82,U2,8,1000
C83,U22,B5,1000
C86,U22,D2,100
C87,U22,D2,10000
C88,U22,C2,100
C89,U22,A1,10000
C90,U26,7,100
C91,U26,6,100
