Comment,Designator,Footprint,LCSC Part #,Consign/Global sourcing
4.7u,C1,C_0603_1608Metric,C69335,
1u,C10,C_0603_1608Metric,,
1u,"C11,C14,C16,C19,C26,C3,C32,C33,C4,C42,C43,C6,C64,C66,C80,C82,C83,C84",C_0402_1005Metric,,
100n,"C13,C15,C18,C24,C25,C27,C28,C29,C36,C37,C38,C39,C40,C41,C50,C51,C56,C57,C58,C59,C60,C61,C62,C63,C76,C79,C8,C81",C_0402_1005Metric,,
4.7u,"C2,C20,C9",C_0402_1005Metric,,
470n,"C21,C22,C23,C55,C68,C69,C70",C_0402_1005Metric,,
10u,C30,C_0402_1005Metric,,
47n,C34,C_0402_1005Metric,,
4.7n,C35,C_0402_1005Metric,,
10u,C44,C_0603_1608Metric,,
22u,C45,C_0603_1608Metric,,
2.2u,C46,C_0402_1005Metric,,
4.7u,C47,C_0603_1608Metric,,
2.2n,"C48,C49,C52,C53",C_0402_1005Metric,,
15n,"C54,C67",C_0402_1005Metric,,
1.5n,C65,C_0402_1005Metric,,
22u,C7,C_0603_1608Metric,C59461,
TPD1E10B06,"D1,D2,D21,D22,D23,D24,D3,D4,D5,D6,D7,D8,D9",TPD1E10B06_DPY,,
NF2W757G-F1,D10,NF2W757G,,consign/global sourcing
SFH4053,D11,LED_0402_1005Metric,,
SFH 4735 730nm,D12,LED_0402_1005Metric,,
KT-0603G,D25,LED_0603_1608Metric,C12624,
USB-C,J1,USB_C_Receptacle_HRO_TYPE-C-31-M-12,,
0.47u,L1,L_DFE201612E,,
1.0u,L2,L_DFE201612E,,
CSD13380F3T,"Q1,Q2,Q4",Texas_PicoStar_DFN-3_0.69x0.60mm,C2871092,
"BC847BS,115",Q3,SOT-363_SC-70-6,,
5.1k,"R1,R2",R_0402_1005Metric,,
1k,"R10,R13,R39,R40,R41,R42,R62,R72,R73,R84,R85,R86,R87,R88",R_0402_1005Metric,C11702,
10k,"R100,R101,R11,R113,R116,R117,R14,R49,R5,R52,R53,R6,R60,R65,R67,R68,R69,R7,R70,R71,R74,R8,R9,R98",R_0402_1005Metric,C25744,
0,"R102,R103,R106,R114,R89,R90,R91,R92,R95,R96,R97",R_0402_1005Metric,C17168,
100,"R109,R47",R_0402_1005Metric,,
100k,"R110,R24,R25,R44,R46,R48,R50,R59,R99",R_0402_1005Metric,C25741,
0,"R118,R119,R120,R121,R122",R_2512_6332Metric,C2908946,
10,R12,R_0402_1005Metric,,
1M,"R15,R16,R17",R_0402_1005Metric,,
200k,"R18,R51",R_0402_1005Metric,,
4.7k,"R19,R20,R21,R22",R_0402_1005Metric,,
560k,R23,R_0402_1005Metric,,
10M,"R26,R27,R28,R29",R_0402_1005Metric,C26082,
1.5k,R3,R_0402_1005Metric,C25867,
40.2k,"R30,R31",R_0402_1005Metric,,
51k,"R32,R33,R34,R35,R36,R76,R77,R78,R79,R80,R81,R82,R83",R_2512_6332Metric,,consign/global sourcing
5.11M,"R43,R45",R_0402_1005Metric,,
22.1k,R63,R_0402_1005Metric,,
47.5k,R64,R_0402_1005Metric,,
301k,R66,R_0402_1005Metric,,extended library; value stays 301k
27.0k,R75,R_0402_1005Metric,,
0,"R93,R94",R_0603_1608Metric,C21189,
TS-1088,"SW1,SW2",SW_SPST_TS-1088-xR020,C720477,
ESP32-S3-MINI-1-N4R2,U1,ESP32_S3_MINI_1,C3013941,
AS7341-DLGM,U10,AS7341DLGT,,
TMP117AIDRVR,"U11,U20",TMP117_DRV_NOPASTE,,
MLX90632SLD-DCB-100-SP,U12,MLX90632SLDDCB100SP,,consign/global sourcing
BME280,U13,Bosch_LGA-8_2.5x2.5mm_P0.65mm_ClockwisePinNumbering,,
LSM6DSV80XTR,U14,QFN_LSM6DSV80XTR_STM,,consign/global sourcing
TPS61240YFFR,U15,TPS61240_YFF,,
SFH 7072,U16,SFH7072,C2655172,
MAX17048G+T10,U17,TDFN-8-1EP_2x2mm_P0.5mm_EP0.8x1.2mm,C2682616,
W25Q512JVEIQ,U18,W25Q512_WSON8,,consign/global sourcing
TCA6408ARSVR,U19,TCA6408A_RSV,C2649390,
BQ25170DSGR,U2,Texas_DSG0008A_WSON-8-1EP_2x2mm_P0.5mm_EP0.9x1.6mm,,
USBLC6-2SC6,U21,SOT-23-6,C7519,
MAX86178ENJ+,U22,MAX86178_WLP49,,
SHT45-AD1B,U23,SHT45_DFN4,,
TPS63802DLAR,U3,WSON-10-1EP_2x3mm_P0.5mm_EP0.84x2.4mm,,
TPS7A2018PDBVR,U4,SOT-23-5,,
CP2102N-A02-GQFN28R,U5,QFN-28-1EP_5x5mm_P0.5mm_EP3.35x3.35mm,,
AFE4900YZR,U6,BGA30N40P5X6_260X210X50,,
AD5940BCBZ-RL7,U7,BGA56C40P8X7_416X356X55,C650308,
ADS1292RIRSMT,U8,QFN40P400X400X100-33N-D,C882777,
PCA9306DCUR,U9,VSSOP-8_2.3x2mm_P0.5mm,,
