"Designator","Comment","Footprint","LCSC","Qty","DNP"
"C1,C47","4.7u","Capacitor_SMD:C_0603_1608Metric","","2",""
"C2,C9,C20","4.7u","Capacitor_SMD:C_0402_1005Metric","","3",""
"C3,C4,C6,C11,C14,C16,C19,C26,C32,C33,C42,C43,C64,C66,C80,C82,C83,C84","1u","Capacitor_SMD:C_0402_1005Metric","","18",""
"C7,C45","22u","Capacitor_SMD:C_0603_1608Metric","","2",""
"C8,C13,C15,C18,C24,C25,C27,C28,C29,C36,C37,C38,C39,C40,C41,C50,C51,C56,C57,C58,C59,C60,C61,C62,C63,C76,C77,C78,C79,C81","100n","Capacitor_SMD:C_0402_1005Metric","","30",""
"C10","1u","Capacitor_SMD:C_0603_1608Metric","","1",""
"C21,C22,C23,C55,C68,C69,C70","470n","Capacitor_SMD:C_0402_1005Metric","","7",""
"C30","10u","Capacitor_SMD:C_0402_1005Metric","","1",""
"C34","47n","Capacitor_SMD:C_0402_1005Metric","","1",""
"C35","4.7n","Capacitor_SMD:C_0402_1005Metric","","1",""
"C44","10u","Capacitor_SMD:C_0603_1608Metric","","1",""
"C46","2.2u","Capacitor_SMD:C_0402_1005Metric","","1",""
"C48,C49,C52,C53","2.2n","Capacitor_SMD:C_0402_1005Metric","","4",""
"C54,C67","15n","Capacitor_SMD:C_0402_1005Metric","","2",""
"C65","1.5n","Capacitor_SMD:C_0402_1005Metric","","1",""
"C85","47u","Capacitor_SMD:C_0603_1608Metric","","1",""
"C86,C88,C90,C91","100n","Capacitor_SMD:C_0402_1005Metric","C1525","4",""
"C87","10u","Capacitor_SMD:C_0402_1005Metric","C15525","1",""
"C89","10u","Capacitor_SMD:C_0603_1608Metric","C19702","1",""
"D1,D2,D3,D4,D5,D6,D7,D8,D9,D21,D22,D23,D24,D26,D27,D28,D29,D30","TPD1E10B06","vitalq:TPD1E10B06_DPY","","18",""
"D10","NF2W757G-F1","vitalq:NF2W757G","","1",""
"D11","SFH4053","LED_SMD:LED_0402_1005Metric","","1",""
"D12","SFH 4735 730nm","LED_SMD:LED_0402_1005Metric","","1",""
"D25","KT-0603G","LED_SMD:LED_0603_1608Metric","","1",""
"J1","USB-C","Connector_USB:USB_C_Receptacle_HRO_TYPE-C-31-M-12","","1",""
"J2","LiPo pads","vitalq:Pads_LiPo","","1",""
"J3","FSR pads","vitalq:Pads_FSR","","1",""
"J5","ECG pads","vitalq:Pads_ECG","","1",""
"J6","EDA pads","vitalq:Pads_EDA","","1",""
"J7","Chest bioZ","vitalq:Pads_BIOZ","","1",""
"J8","TC2030","Connector:Tag-Connect_TC2030-IDC-NL_2x03_P1.27mm_Vertical","","1",""
"J9","I2C tail pads","vitalq:Pads_1x04","","1",""
"J10","Optical tail pads","vitalq:Pads_1x06","","1",""
"J11","Sweat site","vitalq:Pads_1x03","","1",""
"J12","FH12-14S","Connector_FFC-FPC:Hirose_FH12-14S-0.5SH_1x14-1MP_P0.50mm_Horizontal","","1","DNP"
"J13","MX ECG pads","vitalq:Pads_1x02","","1","DNP"
"L1","0.47u","vitalq:L_DFE201612E","","1",""
"L2","1.0u","vitalq:L_DFE201612E","","1",""
"Q1,Q2,Q4","CSD13380F3T","Package_DFN_QFN:Texas_PicoStar_DFN-3_0.69x0.60mm","","3",""
"Q3","BC847BS,115","Package_TO_SOT_SMD:SOT-363_SC-70-6","","1",""
"R1,R2","5.1k","Resistor_SMD:R_0402_1005Metric","","2",""
"R3","1.5k","Resistor_SMD:R_0402_1005Metric","","1",""
"R5,R6,R7,R8,R9,R11,R14,R49,R52,R53,R60,R61,R65,R67,R68,R69,R70,R71,R74,R98,R100,R101,R112,R113,R115,R116,R117","10k","Resistor_SMD:R_0402_1005Metric","","27","DNP"
"R10,R13,R39,R40,R41,R42,R62,R72,R73,R84,R85,R86,R87,R88","1k","Resistor_SMD:R_0402_1005Metric","","14",""
"R12","10","Resistor_SMD:R_0402_1005Metric","","1",""
"R15,R16,R17","1M","Resistor_SMD:R_0402_1005Metric","","3",""
"R18,R51","200k","Resistor_SMD:R_0402_1005Metric","","2",""
"R19,R20,R21,R22","4.7k","Resistor_SMD:R_0402_1005Metric","","4",""
"R23","560k","Resistor_SMD:R_0402_1005Metric","","1",""
"R24,R25,R44,R46,R48,R50,R59,R99,R107,R108,R110","100k","Resistor_SMD:R_0402_1005Metric","","11","DNP"
"R26,R27,R28,R29","10M","Resistor_SMD:R_0402_1005Metric","","4",""
"R30,R31","40.2k","Resistor_SMD:R_0402_1005Metric","","2",""
"R32,R33,R34,R35,R36,R76,R77,R78,R79,R80,R81,R82,R83","51k","Resistor_SMD:R_2512_6332Metric","","13",""
"R43,R45","5.11M","Resistor_SMD:R_0402_1005Metric","","2",""
"R47,R109","100","Resistor_SMD:R_0402_1005Metric","","2",""
"R63","22.1k","Resistor_SMD:R_0402_1005Metric","","1",""
"R64","47.5k","Resistor_SMD:R_0402_1005Metric","","1",""
"R66","301k","Resistor_SMD:R_0402_1005Metric","","1",""
"R75","27.0k","Resistor_SMD:R_0402_1005Metric","","1",""
"R89,R90,R91,R92,R95,R96,R97,R102,R103,R104,R105,R106,R114","0","Resistor_SMD:R_0402_1005Metric","","13","DNP"
"R93,R94","0","Resistor_SMD:R_0603_1608Metric","","2",""
"R118,R119,R120,R121,R122","0","Resistor_SMD:R_2512_6332Metric","","5",""
"SW1,SW2","TS-1088","Button_Switch_SMD:SW_SPST_TS-1088-xR020","","2",""
"TP1","VBUS","TestPoint:TestPoint_Pad_D1.0mm","","1",""
"TP2","VBAT","TestPoint:TestPoint_Pad_D1.0mm","","1",""
"TP3","+3V3","TestPoint:TestPoint_Pad_D1.0mm","","1",""
"TP4","+1V8","TestPoint:TestPoint_Pad_D1.0mm","","1",""
"TP5","TX_5V","TestPoint:TestPoint_Pad_D1.0mm","","1",""
"TP6","VDD_CP2102","TestPoint:TestPoint_Pad_D1.0mm","","1",""
"TP7,TP8","GND","TestPoint:TestPoint_Pad_D1.0mm","","2",""
"TP9","ESP_EN","TestPoint:TestPoint_Pad_D1.0mm","","1",""
"TP10","ESP_IO0","TestPoint:TestPoint_Pad_D1.0mm","","1",""
"TP11","ESP_TX","TestPoint:TestPoint_Pad_D1.0mm","","1",""
"TP12","ESP_RX","TestPoint:TestPoint_Pad_D1.0mm","","1",""
"TP13","I2C_SDA","TestPoint:TestPoint_Pad_D1.0mm","","1",""
"TP14","I2C_SCL","TestPoint:TestPoint_Pad_D1.0mm","","1",""
"TP15","I2C_SDA_1V8","TestPoint:TestPoint_Pad_D1.0mm","","1",""
"TP16","I2C_SCL_1V8","TestPoint:TestPoint_Pad_D1.0mm","","1",""
"TP17","SPI_SCK","TestPoint:TestPoint_Pad_D1.0mm","","1",""
"TP18","SPI_MOSI","TestPoint:TestPoint_Pad_D1.0mm","","1",""
"TP19","SPI_MISO","TestPoint:TestPoint_Pad_D1.0mm","","1",""
"TP20","CS_ADS1292","TestPoint:TestPoint_Pad_D1.0mm","","1",""
"TP21","CS_AFE4900","TestPoint:TestPoint_Pad_D1.0mm","","1",""
"TP22","CS_AD5940","TestPoint:TestPoint_Pad_D1.0mm","","1",""
"TP23","CS_FLASH","TestPoint:TestPoint_Pad_D1.0mm","","1",""
"TP24","ADS1292_DRDY","TestPoint:TestPoint_Pad_D1.0mm","","1",""
"TP25","AFE4900_ADC_RDY","TestPoint:TestPoint_Pad_D1.0mm","","1",""
"TP26","EXP_INT","TestPoint:TestPoint_Pad_D1.0mm","","1",""
"TP27","CHG_STAT","TestPoint:TestPoint_Pad_D1.0mm","","1",""
"TP28","RTC_INT","TestPoint:TestPoint_Pad_D1.0mm","","1",""
"U1","ESP32-S3-MINI-1-N4R2","vitalq:ESP32_S3_MINI_1","","1",""
"U2","BQ25170DSGR","Package_SON:Texas_DSG0008A_WSON-8-1EP_2x2mm_P0.5mm_EP0.9x1.6mm","","1",""
"U3","TPS63802DLAR","Package_SON:WSON-10-1EP_2x3mm_P0.5mm_EP0.84x2.4mm","","1",""
"U4","TPS7A2018PDBVR","Package_TO_SOT_SMD:SOT-23-5","","1",""
"U5","CP2102N-A02-GQFN28R","Package_DFN_QFN:QFN-28-1EP_5x5mm_P0.5mm_EP3.35x3.35mm","","1",""
"U6","AFE4900YZR","snap:BGA30N40P5X6_260X210X50","","1",""
"U7","AD5940BCBZ-RL7","snap:BGA56C40P8X7_416X356X55","","1",""
"U8","ADS1292RIRSMT","snap:QFN40P400X400X100-33N-D","","1",""
"U9","PCA9306DCUR","Package_SO:VSSOP-8_2.3x2mm_P0.5mm","","1",""
"U10","AS7341-DLGM","snap:AS7341DLGT","","1",""
"U11,U20","TMP117AIDRVR","vitalq:TMP117_DRV_NOPASTE","","2",""
"U12","MLX90632SLD-DCB-100-SP","snap:MLX90632SLDDCB100SP","","1",""
"U13","BME280","Package_LGA:Bosch_LGA-8_2.5x2.5mm_P0.65mm_ClockwisePinNumbering","","1",""
"U14","LSM6DSV80XTR","snap:QFN_LSM6DSV80XTR_STM","","1",""
"U15","TPS61240YFFR","vitalq:TPS61240_YFF","","1",""
"U16","SFH 7072","vitalq:SFH7072","","1",""
"U17","MAX17048G+T10","Package_DFN_QFN:TDFN-8-1EP_2x2mm_P0.5mm_EP0.8x1.2mm","","1",""
"U18","W25Q512JVEIQ","vitalq:W25Q512_WSON8","","1",""
"U19","TCA6408ARSVR","vitalq:TCA6408A_RSV","","1",""
"U21","USBLC6-2SC6","Package_TO_SOT_SMD:SOT-23-6","","1",""
"U22","MAX86141ENP+","vitalq:MAX86141_WLP20","C5328762","1",""
"U23","SHT45-AD1B","vitalq:SHT45_DFN4","","1",""
"U24","RV-3028-C7","vitalq:RV3028C7","","1",""
"U25","IM69D130","vitalq:IM69D130","","1",""
"U26","SN74AXC2T245RSWR","Package_DFN_QFN:Texas_RSW0010A_UQFN-10_1.4x1.8mm_P0.4mm","C1882550","1",""
