Ref,Val,Package,PosX,PosY,Rot,Side
"D10","NF2W757G-F1","NF2W757G",24.750000,-57.500000,90.000000,bottom
"D11","SFH4053","LED_0402_1005Metric",14.000000,-48.800000,180.000000,bottom
"D12","SFH 4735 730nm","LED_0402_1005Metric",15.900000,-50.800000,180.000000,bottom
"FID4","FID","Fiducial_1mm",3.060000,9.190000,180.000000,bottom
"FID6","FID","Fiducial_1mm",46.690000,-63.190000,180.000000,bottom
"J2","LiPo pads","Pads_LiPo",12.400000,-5.003100,180.000000,bottom
"J5","ECG pads","Pads_ECG",18.600000,-62.900000,180.000000,bottom
"J6","EDA pads","Pads_EDA",9.000000,-62.900000,180.000000,bottom
"J9","I2C tail pads","Pads_1x04",46.800000,-17.500000,90.000000,bottom
"J10","Optical tail pads","Pads_1x06",46.800000,-45.900000,90.000000,bottom
"J11","Sweat site","Pads_1x03",46.800000,-57.500000,90.000000,bottom
"J12","FH12-14S","Hirose_FH12-14S-0.5SH_1x14-1MP_P0.50mm_Horizontal",1.300000,-52.500000,90.000000,bottom
"J13","MX ECG pads","Pads_1x02",29.600000,-62.900000,180.000000,bottom
"R32","51k","R_2512_6332Metric",4.100000,-30.112500,-90.000000,bottom
"R33","51k","R_2512_6332Metric",10.550000,-28.893700,-90.000000,bottom
"R34","51k","R_2512_6332Metric",17.000000,-30.112500,-90.000000,bottom
"R35","51k","R_2512_6332Metric",23.450000,-30.112500,-90.000000,bottom
"R36","51k","R_2512_6332Metric",29.900000,-30.112500,-90.000000,bottom
"R80","51k","R_2512_6332Metric",4.100000,-38.800000,90.000000,bottom
"R81","51k","R_2512_6332Metric",10.550000,-37.600000,90.000000,bottom
"R82","51k","R_2512_6332Metric",17.000000,-38.800000,90.000000,bottom
"R83","51k","R_2512_6332Metric",23.450000,-38.800000,90.000000,bottom
"R120","0","R_2512_6332Metric",34.300000,-51.000000,90.000000,bottom
"R121","0","R_2512_6332Metric",34.300000,-42.200000,90.000000,bottom
"R122","0","R_2512_6332Metric",34.650000,-60.500000,90.000000,bottom
"U6","AFE4900YZR","BGA30N40P5X6_260X210X50",27.200000,-50.800000,180.000000,bottom
"U10","AS7341-DLGM","AS7341DLGT",20.000000,-55.500000,180.000000,bottom
"U11","TMP117AIDRVR","TMP117_DRV_NOPASTE",20.200000,-50.400000,0.000000,bottom
"U12","MLX90632SLD-DCB-100-SP","MLX90632SLDDCB100SP",10.300000,-50.800000,180.000000,bottom
"U16","SFH 7072","SFH7072",13.400000,-56.000000,180.000000,bottom
"U22","MAX86141ENP+","MAX86141_WLP20",26.100000,-47.550000,180.000000,bottom
"U23","SHT45-AD1B","SHT45_DFN4",7.600000,-47.000000,180.000000,bottom
"C1","4.7u","C_0603_1608Metric",9.777313,-21.775775,-90.000000,top
"C2","4.7u","C_0402_1005Metric",44.595033,-25.568431,-90.000000,top
"C3","1u","C_0402_1005Metric",46.349419,-22.052806,90.000000,top
"C4","1u","C_0402_1005Metric",16.974857,-38.030150,180.000000,top
"C6","1u","C_0402_1005Metric",34.068717,-38.459056,90.000000,top
"C7","22u","C_0603_1608Metric",2.340179,-0.718700,180.000000,top
"C8","100n","C_0402_1005Metric",2.939770,-2.287963,180.000000,top
"C9","4.7u","C_0402_1005Metric",12.004097,-20.744994,0.000000,top
"C10","1u","C_0603_1608Metric",7.310939,-19.010150,180.000000,top
"C11","1u","C_0402_1005Metric",42.121056,-13.127806,0.000000,top
"C13","100n","C_0402_1005Metric",38.162284,-6.818431,90.000000,top
"C14","1u","C_0402_1005Metric",14.928074,-55.901244,0.000000,top
"C15","100n","C_0402_1005Metric",29.255559,-50.041869,0.000000,top
"C16","1u","C_0402_1005Metric",42.121056,-10.198119,0.000000,top
"C18","100n","C_0402_1005Metric",41.086261,-6.818431,90.000000,top
"C19","1u","C_0402_1005Metric",39.624273,-6.818431,90.000000,top
"C20","4.7u","C_0402_1005Metric",36.407898,-15.314525,-90.000000,top
"C21","470n","C_0402_1005Metric",33.056729,-12.541869,180.000000,top
"C22","470n","C_0402_1005Metric",42.121056,-11.662962,0.000000,top
"C23","470n","C_0402_1005Metric",36.700296,-6.818431,90.000000,top
"C24","100n","C_0402_1005Metric",34.945910,-15.314525,-90.000000,top
"C25","100n","C_0402_1005Metric",33.056729,-9.612181,180.000000,top
"C26","1u","C_0402_1005Metric",39.331875,-15.314525,-90.000000,top
"C27","100n","C_0402_1005Metric",33.056729,-16.643431,0.000000,top
"C28","100n","C_0402_1005Metric",36.565501,1.227662,180.000000,top
"C29","100n","C_0402_1005Metric",43.875442,-5.217650,0.000000,top
"C30","10u","C_0402_1005Metric",36.565501,4.157350,180.000000,top
"C32","1u","C_0402_1005Metric",36.565501,2.692506,180.000000,top
"C33","1u","C_0402_1005Metric",44.752635,1.520631,0.000000,top
"C34","47n","C_0402_1005Metric",36.115501,6.365163,-90.000000,top
"C35","4.7n","C_0402_1005Metric",37.869887,8.708913,-90.000000,top
"C36","100n","C_0402_1005Metric",18.729243,-54.436400,180.000000,top
"C37","100n","C_0402_1005Metric",11.419302,-36.565306,180.000000,top
"C38","100n","C_0402_1005Metric",36.407898,-36.408275,-90.000000,top
"C39","100n","C_0402_1005Metric",27.343571,-32.892650,90.000000,top
"C40","100n","C_0402_1005Metric",29.547957,-32.170775,180.000000,top
"C41","100n","C_0402_1005Metric",20.618425,-54.572338,-90.000000,top
"C42","1u","C_0402_1005Metric",33.056729,-11.077025,180.000000,top
"C43","1u","C_0402_1005Metric",37.869887,-15.314525,-90.000000,top
"C44","10u","C_0603_1608Metric",38.432284,-37.010150,-90.000000,top
"C45","22u","C_0603_1608Metric",23.977606,-37.174213,0.000000,top
"C46","2.2u","C_0402_1005Metric",38.454682,-30.255931,90.000000,top
"C47","4.7u","C_0603_1608Metric",43.860647,-38.932025,0.000000,top
"C48","2.2n","C_0402_1005Metric",40.793863,6.365163,90.000000,top
"C49","2.2n","C_0402_1005Metric",42.255851,6.365163,90.000000,top
"C50","100n","C_0402_1005Metric",16.232460,-9.162181,90.000000,top
"C51","100n","C_0402_1005Metric",40.209068,-3.302806,90.000000,top
"C52","2.2n","C_0402_1005Metric",39.331875,6.365163,90.000000,top
"C53","2.2n","C_0402_1005Metric",37.869887,6.365163,90.000000,top
"C54","15n","C_0402_1005Metric",0.762378,-26.311400,0.000000,top
"C55","470n","C_0402_1005Metric",29.255559,-20.159056,0.000000,top
"C56","100n","C_0402_1005Metric",40.209068,-62.661200,90.000000,top
"C57","100n","C_0402_1005Metric",40.811200,-58.087963,90.000000,top
"C58","100n","C_0402_1005Metric",46.349419,-24.396556,-90.000000,top
"C59","100n","C_0402_1005Metric",15.647664,-40.509838,90.000000,top
"C60","100n","C_0402_1005Metric",32.899126,-36.115306,90.000000,top
"C61","100n","C_0402_1005Metric",9.957313,-52.092650,180.000000,top
"C62","100n","C_0402_1005Metric",12.431290,-12.091869,90.000000,top
"C63","100n","C_0402_1005Metric",26.331582,-11.955931,0.000000,top
"C64","1u","C_0402_1005Metric",21.945618,1.520631,0.000000,top
"C65","1.5n","C_0402_1005Metric",42.413454,-18.108275,0.000000,top
"C66","1u","C_0402_1005Metric",44.752635,2.985475,0.000000,top
"C67","15n","C_0402_1005Metric",7.752927,-38.752025,90.000000,top
"C68","470n","C_0402_1005Metric",32.179536,-19.866088,180.000000,top
"C69","470n","C_0402_1005Metric",36.565501,-18.694213,180.000000,top
"C70","470n","C_0402_1005Metric",26.466378,-22.931713,90.000000,top
"C76","100n","C_0402_1005Metric",20.033629,-33.185619,90.000000,top
"C77","100n","C_0402_1005Metric",6.875735,-48.127025,-90.000000,top
"C78","100n","C_0402_1005Metric",22.957606,-40.802806,90.000000,top
"C79","100n","C_0402_1005Metric",31.594740,-50.920775,0.000000,top
"C80","1u","C_0402_1005Metric",42.121056,-8.733275,0.000000,top
"C81","100n","C_0402_1005Metric",15.220471,-50.627806,180.000000,top
"C82","1u","C_0402_1005Metric",27.343571,-7.404369,-90.000000,top
"C83","1u","C_0402_1005Metric",33.933922,-50.920775,0.000000,top
"C84","1u","C_0402_1005Metric",16.974857,-36.272338,180.000000,top
"C85","47u","C_0603_1608Metric",44.572635,-19.432025,90.000000,top
"C86","100n","C_0402_1005Metric",25.004389,-56.916088,-90.000000,top
"C87","10u","C_0402_1005Metric",33.191524,-52.814525,-90.000000,top
"C88","100n","C_0402_1005Metric",26.466378,-56.916088,-90.000000,top
"C89","10u","C_0603_1608Metric",31.414740,-53.416400,-90.000000,top
"C90","100n","C_0402_1005Metric",35.530705,-38.752025,90.000000,top
"C91","100n","C_0402_1005Metric",37.442694,-43.303588,0.000000,top
"D1","TPD1E10B06","TPD1E10B06_DPY",4.900000,-22.500000,0.000000,top
"D2","TPD1E10B06","TPD1E10B06_DPY",6.350000,-22.500000,0.000000,top
"D3","TPD1E10B06","TPD1E10B06_DPY",7.800000,-22.500000,0.000000,top
"D4","TPD1E10B06","TPD1E10B06_DPY",37.182673,-17.239369,180.000000,top
"D5","TPD1E10B06","TPD1E10B06_DPY",40.691445,-50.001200,180.000000,top
"D6","TPD1E10B06","TPD1E10B06_DPY",12.150000,-22.500000,0.000000,top
"D7","TPD1E10B06","TPD1E10B06_DPY",13.600000,-22.500000,0.000000,top
"D8","TPD1E10B06","TPD1E10B06_DPY",15.050000,-22.500000,0.000000,top
"D9","TPD1E10B06","TPD1E10B06_DPY",16.500000,-22.500000,0.000000,top
"D21","TPD1E10B06","TPD1E10B06_DPY",17.950000,-22.500000,0.000000,top
"D22","TPD1E10B06","TPD1E10B06_DPY",19.450000,-22.500000,0.000000,top
"D23","TPD1E10B06","TPD1E10B06_DPY",20.900000,-22.700000,0.000000,top
"D24","TPD1E10B06","TPD1E10B06_DPY",23.400000,-22.900000,0.000000,top
"D25","KT-0603G","LED_0603_1608Metric",4.000000,-42.900000,0.000000,top
"D26","TPD1E10B06","TPD1E10B06_DPY",17.500000,-39.500000,0.000000,top
"D27","TPD1E10B06","TPD1E10B06_DPY",23.700000,-38.900000,0.000000,top
"D28","TPD1E10B06","TPD1E10B06_DPY",25.400000,-38.900000,0.000000,top
"D29","TPD1E10B06","TPD1E10B06_DPY",33.500000,-49.300000,0.000000,top
"D30","TPD1E10B06","TPD1E10B06_DPY",19.300000,-41.000000,0.000000,top
"FID1","FID","Fiducial_1mm",-0.407599,-1.884231,0.000000,top
"FID2","FID","Fiducial_1mm",27.734599,-14.815758,0.000000,top
"FID3","FID","Fiducial_1mm",43.659421,-61.703419,0.000000,top
"FID5","FID","Fiducial_1mm",5.110384,-59.940000,0.000000,top
"J1","USB-C","USB_C_Receptacle_HRO_TYPE-C-31-M-12",26.000000,7.800000,180.000000,top
"J3","FSR pads","Pads_FSR",26.500000,-62.850000,0.000000,top
"J7","Chest bioZ","Pads_BIOZ",14.500000,-62.850000,0.000000,top
"L1","0.47u","L_DFE201612E",44.956316,-45.443275,-90.000000,top
"L2","1.0u","L_DFE201612E",41.155147,-30.208900,90.000000,top
"Q1","CSD13380F3T","Texas_PicoStar_DFN-3_0.69x0.60mm",2.830476,-50.236575,-90.000000,top
"Q2","CSD13380F3T","Texas_PicoStar_DFN-3_0.69x0.60mm",24.810255,-0.467090,180.000000,top
"Q3","BC847BS,115","SOT-363_SC-70-6",4.941758,-10.660631,0.000000,top
"Q4","CSD13380F3T","Texas_PicoStar_DFN-3_0.69x0.60mm",36.798559,-51.443653,180.000000,top
"R1","5.1k","R_0402_1005Metric",42.558249,8.728913,-90.000000,top
"R2","5.1k","R_0402_1005Metric",32.324331,5.213288,-90.000000,top
"R3","1.5k","R_0402_1005Metric",25.014389,-16.759369,-90.000000,top
"R5","10k","R_0402_1005Metric",39.801875,-44.180250,0.000000,top
"R6","10k","R_0402_1005Metric",15.657664,-46.642181,90.000000,top
"R7","10k","R_0402_1005Metric",34.955910,-30.528900,90.000000,top
"R8","10k","R_0402_1005Metric",-0.716605,-43.419525,-90.000000,top
"R9","10k","R_0402_1005Metric",7.930530,-62.922494,180.000000,top
"R10","1k","R_0402_1005Metric",6.468542,-54.133431,0.000000,top
"R11","10k","R_0402_1005Metric",46.359419,-14.415619,-90.000000,top
"R12","10","R_0402_1005Metric",46.651816,8.435944,90.000000,top
"R13","1k","R_0402_1005Metric",39.926670,-18.517181,-90.000000,top
"R14","10k","R_0402_1005Metric",30.737547,-9.016244,180.000000,top
"R15","1M","R_0402_1005Metric",46.234623,-9.895150,0.000000,top
"R16","1M","R_0402_1005Metric",45.942226,-1.399056,0.000000,top
"R17","1M","R_0402_1005Metric",46.234623,-28.059213,180.000000,top
"R18","200k","R_0402_1005Metric",31.447138,-34.923431,-90.000000,top
"R19","4.7k","R_0402_1005Metric",9.977313,-42.414681,180.000000,top
"R20","4.7k","R_0402_1005Metric",14.195676,-46.642181,-90.000000,top
"R21","4.7k","R_0402_1005Metric",33.076729,-24.250619,180.000000,top
"R22","4.7k","R_0402_1005Metric",39.049477,-55.543688,-90.000000,top
"R23","560k","R_0402_1005Metric",34.371115,-34.923431,-90.000000,top
"R24","100k","R_0402_1005Metric",40.971465,-27.766244,180.000000,top
"R25","100k","R_0402_1005Metric",3.836963,-40.656869,180.000000,top
"R26","10M","R_0402_1005Metric",34.246319,4.167350,180.000000,top
"R27","10M","R_0402_1005Metric",46.234623,-3.742806,0.000000,top
"R28","10M","R_0402_1005Metric",46.234623,-11.945931,180.000000,top
"R29","10M","R_0402_1005Metric",42.265851,-15.880463,-90.000000,top
"R30","40.2k","R_0402_1005Metric",41.973454,-1.817963,-90.000000,top
"R31","40.2k","R_0402_1005Metric",46.651816,2.576569,-90.000000,top
"R39","1k","R_0402_1005Metric",18.164448,-10.774056,0.000000,top
"R40","1k","R_0402_1005Metric",30.277547,-18.224213,90.000000,top
"R41","1k","R_0402_1005Metric",23.552401,-5.333587,-90.000000,top
"R42","1k","R_0402_1005Metric",0.035793,-13.996713,180.000000,top
"R43","5.11M","R_0402_1005Metric",33.953922,-62.629525,0.000000,top
"R44","100k","R_0402_1005Metric",34.955910,-28.185150,-90.000000,top
"R45","5.11M","R_0402_1005Metric",46.234623,-47.688119,0.000000,top
"R46","100k","R_0402_1005Metric",44.020237,-58.946869,90.000000,top
"R47","100","R_0402_1005Metric",11.439302,-43.879525,0.000000,top
"R48","100k","R_0402_1005Metric",-0.716605,-56.603119,-90.000000,top
"R49","10k","R_0402_1005Metric",24.597196,-35.383431,0.000000,top
"R50","100k","R_0402_1005Metric",12.608892,-56.770150,180.000000,top
"R51","200k","R_0402_1005Metric",3.669360,-62.755463,-90.000000,top
"R52","10k","R_0402_1005Metric",14.655676,-48.567025,180.000000,top
"R53","10k","R_0402_1005Metric",11.856495,-34.630463,90.000000,top
"R59","100k","R_0402_1005Metric",22.258015,-14.582650,0.000000,top
"R60","10k","R_0402_1005Metric",31.907138,-29.231088,180.000000,top
"R61","10k","R_0402_1005Metric",31.154740,-7.091400,90.000000,top
"R62","1k","R_0402_1005Metric",-0.716605,-20.274994,90.000000,top
"R63","22.1k","R_0402_1005Metric",26.476378,-19.396088,-90.000000,top
"R64","47.5k","R_0402_1005Metric",21.088425,-21.027963,0.000000,top
"R65","10k","R_0402_1005Metric",13.610881,-33.458588,90.000000,top
"R66","301k","R_0402_1005Metric",43.018249,-49.152963,180.000000,top
"R67","10k","R_0402_1005Metric",22.842811,0.065788,180.000000,top
"R68","10k","R_0402_1005Metric",39.217080,-26.008431,180.000000,top
"R69","10k","R_0402_1005Metric",41.388658,-19.982025,-90.000000,top
"R70","10k","R_0402_1005Metric",22.675208,-17.345306,-90.000000,top
"R71","10k","R_0402_1005Metric",10.562109,-9.309213,180.000000,top
"R72","1k","R_0402_1005Metric",23.720004,-8.723275,180.000000,top
"R73","1k","R_0402_1005Metric",18.749243,-9.309213,180.000000,top
"R74","10k","R_0402_1005Metric",28.523161,-27.892181,90.000000,top
"R75","27.0k","R_0402_1005Metric",39.634273,8.728913,-90.000000,top
"R76","51k","R_2512_6332Metric",4.100000,-30.112500,-90.000000,top
"R77","51k","R_2512_6332Metric",10.550000,-28.893700,-90.000000,top
"R78","51k","R_2512_6332Metric",17.000000,-30.112500,-90.000000,top
"R79","51k","R_2512_6332Metric",23.450000,-30.112500,-90.000000,top
"R84","1k","R_0402_1005Metric",24.304799,-25.267751,0.000000,top
"R85","1k","R_0402_1005Metric",18.581641,-16.759369,-90.000000,top
"R86","1k","R_0402_1005Metric",32.199536,-25.715463,180.000000,top
"R87","1k","R_0402_1005Metric",19.334039,-13.703744,180.000000,top
"R88","1k","R_0402_1005Metric",-0.256605,-24.543588,0.000000,top
"R89","0","R_0402_1005Metric",32.784331,-3.742806,180.000000,top
"R90","0","R_0402_1005Metric",44.897430,-49.571869,-90.000000,top
"R91","0","R_0402_1005Metric",44.312635,-12.364838,-90.000000,top
"R92","0","R_0402_1005Metric",41.281200,-46.223275,0.000000,top
"R93","0","R_0603_1608Metric",41.521465,-36.295306,180.000000,top
"R94","0","R_0603_1608Metric",22.642811,-43.748431,-90.000000,top
"R95","0","R_0402_1005Metric",11.439302,-40.949838,0.000000,top
"R96","0","R_0402_1005Metric",36.710296,-55.543688,90.000000,top
"R97","0","R_0402_1005Metric",33.661524,-21.320931,0.000000,top
"R98","10k","R_0402_1005Metric",9.977313,-45.344369,180.000000,top
"R99","100k","R_0402_1005Metric",20.920822,-56.896088,-90.000000,top
"R100","10k","R_0402_1005Metric",36.710296,-2.989837,-90.000000,top
"R101","10k","R_0402_1005Metric",46.651816,6.092194,-90.000000,top
"R102","0","R_0402_1005Metric",8.680979,-11.685615,90.000000,top
"R103","0","R_0402_1005Metric",10.179779,-11.685615,90.000000,top
"R104","0","R_0402_1005Metric",6.506403,-15.623715,0.000000,top
"R105","0","R_0402_1005Metric",6.506403,-17.122515,0.000000,top
"R106","0","R_0402_1005Metric",43.603044,-43.000619,180.000000,top
"R107","100k","R_0402_1005Metric",33.076729,-6.965462,180.000000,top
"R108","100k","R_0402_1005Metric",43.143044,-27.306244,-90.000000,top
"R109","100","R_0402_1005Metric",10.854506,-39.484994,0.000000,top
"R110","100k","R_0402_1005Metric",43.018249,-40.949838,180.000000,top
"R112","10k","R_0402_1005Metric",12.316495,-46.223275,0.000000,top
"R113","10k","R_0402_1005Metric",29.692752,-30.235931,-90.000000,top
"R114","0","R_0402_1005Metric",6.468542,-50.031869,0.000000,top
"R115","10k","R_0402_1005Metric",46.067021,-29.942963,-90.000000,top
"R116","10k","R_0402_1005Metric",28.815559,-17.052338,-90.000000,top
"R117","10k","R_0402_1005Metric",27.521173,-38.899056,0.000000,top
"R118","0","R_2512_6332Metric",35.700000,-46.800000,180.000000,top
"R119","0","R_2512_6332Metric",35.700000,-59.000000,180.000000,top
"SW1","TS-1088","SW_SPST_TS-1088-xR020",45.300237,-34.611244,90.000000,top
"SW2","TS-1088","SW_SPST_TS-1088-xR020",2.025384,-57.169838,90.000000,top
"U1","ESP32-S3-MINI-1-N4R2","ESP32_S3_MINI_1",12.400000,0.500000,0.000000,top
"U2","BQ25170DSGR","Texas_DSG0008A_WSON-8-1EP_2x2mm_P0.5mm_EP0.9x1.6mm",26.671582,-4.470619,-90.000000,top
"U3","TPS63802DLAR","WSON-10-1EP_2x3mm_P0.5mm_EP0.84x2.4mm",37.405501,-33.344525,-90.000000,top
"U4","TPS7A2018PDBVR","SOT-23-5",33.027138,-41.770619,0.000000,top
"U5","CP2102N-A02-GQFN28R","QFN-28-1EP_5x5mm_P0.5mm_EP3.35x3.35mm",12.487313,-16.640150,0.000000,top
"U7","AD5940BCBZ-RL7","BGA56C40P8X7_416X356X55",37.585910,-11.080775,180.000000,top
"U8","ADS1292RIRSMT","QFN40P400X400X100-33N-D",40.594682,2.195788,-90.000000,top
"U9","PCA9306DCUR","VSSOP-8_2.3x2mm_P0.5mm",38.069670,-22.440619,-90.000000,top
"U13","BME280","Bosch_LGA-8_2.5x2.5mm_P0.65mm_ClockwisePinNumbering",32.393042,-31.969682,0.000000,top
"U14","LSM6DSV80XTR","QFN_LSM6DSV80XTR_STM",20.207439,-36.764688,-90.000000,top
"U15","TPS61240YFFR","TPS61240_YFF",40.797369,-38.824994,0.000000,top
"U17","MAX17048G+T10","TDFN-8-1EP_2x2mm_P0.5mm_EP0.8x1.2mm",43.718249,-22.804681,180.000000,top
"U18","W25Q512JVEIQ","W25Q512_WSON8",26.899594,-44.367033,90.000000,top
"U19","TCA6408ARSVR","TCA6408A_RSV",17.087664,-43.435463,-90.000000,top
"U20","TMP117AIDRVR","TMP117_DRV_NOPASTE",20.200000,-50.400000,0.000000,top
"U21","USBLC6-2SC6","SOT-23-6",22.793220,-11.887806,0.000000,top
"U24","RV-3028-C7","RV3028C7",14.098483,-36.933119,-90.000000,top
"U25","IM69D130","IM69D130",28.256378,-36.154213,0.000000,top
"U26","SN74AXC2T245RSWR","Texas_RSW0010A_UQFN-10_1.4x1.8mm_P0.4mm",37.540296,-40.798744,180.000000,top
