Comment,Designator,Footprint,LCSC
0,"R102,R103,R106,R114,R89,R90,R91,R92,R95,R96,R97",R_0402_1005Metric,
0,"R93,R94",R_0603_1608Metric,
0,"R118,R119,R120,R121,R122",R_2512_6332Metric,
0.47u,L1,L_DFE201612E,
1.0u,L2,L_DFE201612E,
1.5k,R3,R_0402_1005Metric,
1.5n,C65,C_0402_1005Metric,
10,R12,R_0402_1005Metric,
100,"R109,R47",R_0402_1005Metric,
100k,"R110,R24,R25,R44,R46,R48,R50,R59,R99",R_0402_1005Metric,
100n,"C13,C15,C18,C24,C25,C27,C28,C29,C36,C37,C38,C39,C40,C41,C50,C51,C56,C57,C58,C59,C60,C61,C62,C63,C76,C77,C78,C79,C8,C81",C_0402_1005Metric,
100n,"C86,C88,C90,C91",C_0402_1005Metric,C1525
10M,"R26,R27,R28,R29",R_0402_1005Metric,
10k,"R100,R101,R11,R112,R113,R115,R116,R117,R14,R49,R5,R52,R53,R6,R60,R65,R67,R68,R69,R7,R70,R71,R74,R8,R9,R98",R_0402_1005Metric,
10u,C30,C_0402_1005Metric,
10u,C87,C_0402_1005Metric,C15525
10u,C44,C_0603_1608Metric,
10u,C89,C_0603_1608Metric,C19702
15n,"C54,C67",C_0402_1005Metric,
1M,"R15,R16,R17",R_0402_1005Metric,
1k,"R10,R13,R39,R40,R41,R42,R62,R72,R73,R84,R85,R86,R87,R88",R_0402_1005Metric,
1u,"C11,C14,C16,C19,C26,C3,C32,C33,C4,C42,C43,C6,C64,C66,C80,C82,C83,C84",C_0402_1005Metric,
1u,C10,C_0603_1608Metric,
2.2n,"C48,C49,C52,C53",C_0402_1005Metric,
2.2u,C46,C_0402_1005Metric,
200k,"R18,R51",R_0402_1005Metric,
22.1k,R63,R_0402_1005Metric,
22u,"C45,C7",C_0603_1608Metric,
27.0k,R75,R_0402_1005Metric,
301k,R66,R_0402_1005Metric,
4.7k,"R19,R20,R21,R22",R_0402_1005Metric,
4.7n,C35,C_0402_1005Metric,
4.7u,"C2,C20,C9",C_0402_1005Metric,
4.7u,"C1,C47",C_0603_1608Metric,
40.2k,"R30,R31",R_0402_1005Metric,
47.5k,R64,R_0402_1005Metric,
470n,"C21,C22,C23,C55,C68,C69,C70",C_0402_1005Metric,
47n,C34,C_0402_1005Metric,
47u,C85,C_0603_1608Metric,
5.11M,"R43,R45",R_0402_1005Metric,
5.1k,"R1,R2",R_0402_1005Metric,
51k,"R32,R33,R34,R35,R36,R76,R77,R78,R79,R80,R81,R82,R83",R_2512_6332Metric,
560k,R23,R_0402_1005Metric,
AD5940BCBZ-RL7,U7,BGA56C40P8X7_416X356X55,
ADS1292RIRSMT,U8,QFN40P400X400X100-33N-D,
AFE4900YZR,U6,BGA30N40P5X6_260X210X50,
AS7341-DLGM,U10,AS7341DLGT,
"BC847BS,115",Q3,SOT-363_SC-70-6,
BME280,U13,Bosch_LGA-8_2.5x2.5mm_P0.65mm_ClockwisePinNumbering,
BQ25170DSGR,U2,Texas_DSG0008A_WSON-8-1EP_2x2mm_P0.5mm_EP0.9x1.6mm,
CP2102N-A02-GQFN28R,U5,QFN-28-1EP_5x5mm_P0.5mm_EP3.35x3.35mm,
CSD13380F3T,"Q1,Q2,Q4",Texas_PicoStar_DFN-3_0.69x0.60mm,
Chest bioZ,J7,Pads_BIOZ,
ECG pads,J5,Pads_ECG,
EDA pads,J6,Pads_EDA,
ESP32-S3-MINI-1-N4R2,U1,ESP32_S3_MINI_1,
FSR pads,J3,Pads_FSR,
I2C tail pads,J9,Pads_1x04,
IM69D130,U25,IM69D130,
KT-0603G,D25,LED_0603_1608Metric,
LSM6DSV80XTR,U14,QFN_LSM6DSV80XTR_STM,
LiPo pads,J2,Pads_LiPo,
MAX17048G+T10,U17,TDFN-8-1EP_2x2mm_P0.5mm_EP0.8x1.2mm,
MAX86141ENP+,U22,MAX86141_WLP20,C5328762
MLX90632SLD-DCB-100-SP,U12,MLX90632SLDDCB100SP,
NF2W757G-F1,D10,NF2W757G,
Optical tail pads,J10,Pads_1x06,
PCA9306DCUR,U9,VSSOP-8_2.3x2mm_P0.5mm,
RV-3028-C7,U24,RV3028C7,
SFH 4735 730nm,D12,LED_0402_1005Metric,
SFH 7072,U16,SFH7072,
SFH4053,D11,LED_0402_1005Metric,
SHT45-AD1B,U23,SHT45_DFN4,
SN74AXC2T245RSWR,U26,Texas_RSW0010A_UQFN-10_1.4x1.8mm_P0.4mm,C1882550
Sweat site,J11,Pads_1x03,
TCA6408ARSVR,U19,TCA6408A_RSV,
TMP117AIDRVR,"U11,U20",TMP117_DRV_NOPASTE,
TPD1E10B06,"D1,D2,D21,D22,D23,D24,D26,D27,D28,D29,D3,D30,D4,D5,D6,D7,D8,D9",TPD1E10B06_DPY,
TPS61240YFFR,U15,TPS61240_YFF,
TPS63802DLAR,U3,WSON-10-1EP_2x3mm_P0.5mm_EP0.84x2.4mm,
TPS7A2018PDBVR,U4,SOT-23-5,
TS-1088,"SW1,SW2",SW_SPST_TS-1088-xR020,
USB-C,J1,USB_C_Receptacle_HRO_TYPE-C-31-M-12,
USBLC6-2SC6,U21,SOT-23-6,
W25Q512JVEIQ,U18,W25Q512_WSON8,
