Designator,Mid X,Mid Y,Layer,Rotation
C1,9.7773mm,-21.7758mm,Top,270.00
C10,7.3109mm,-19.0101mm,Top,180.00
C11,42.1211mm,-13.1278mm,Top,0.00
C13,38.1623mm,-6.8184mm,Top,90.00
C14,14.9281mm,-55.9012mm,Top,0.00
C15,29.2556mm,-50.0419mm,Top,0.00
C16,42.1211mm,-10.1981mm,Top,0.00
C18,41.0863mm,-6.8184mm,Top,90.00
C19,39.6243mm,-6.8184mm,Top,90.00
C2,44.5950mm,-25.5684mm,Top,270.00
C20,36.4079mm,-15.3145mm,Top,270.00
C21,33.0567mm,-12.5419mm,Top,180.00
C22,42.1211mm,-11.6630mm,Top,0.00
C23,36.7003mm,-6.8184mm,Top,90.00
C24,34.9459mm,-15.3145mm,Top,270.00
C25,33.0567mm,-9.6122mm,Top,180.00
C26,39.3319mm,-15.3145mm,Top,270.00
C27,33.0567mm,-16.6434mm,Top,0.00
C28,36.5655mm,1.2277mm,Top,180.00
C29,43.8754mm,-5.2176mm,Top,0.00
C3,46.3494mm,-22.0528mm,Top,90.00
C30,36.5655mm,4.1574mm,Top,180.00
C32,36.5655mm,2.6925mm,Top,180.00
C33,44.7526mm,1.5206mm,Top,0.00
C34,36.1155mm,6.3652mm,Top,270.00
C35,37.8699mm,8.7089mm,Top,270.00
C36,18.7292mm,-54.4364mm,Top,180.00
C37,11.4193mm,-36.5653mm,Top,180.00
C38,36.4079mm,-36.4083mm,Top,270.00
C39,27.3436mm,-32.8927mm,Top,90.00
C4,16.9749mm,-38.0301mm,Top,180.00
C40,29.5480mm,-32.1708mm,Top,180.00
C41,20.6184mm,-54.5723mm,Top,270.00
C42,33.0567mm,-11.0770mm,Top,180.00
C43,37.8699mm,-15.3145mm,Top,270.00
C44,38.4323mm,-37.0102mm,Top,270.00
C45,23.9776mm,-37.1742mm,Top,0.00
C46,38.4547mm,-30.2559mm,Top,90.00
C47,43.8606mm,-38.9320mm,Top,0.00
C48,40.7939mm,6.3652mm,Top,90.00
C49,42.2559mm,6.3652mm,Top,90.00
C50,16.2325mm,-9.1622mm,Top,90.00
C51,40.2091mm,-3.3028mm,Top,90.00
C52,39.3319mm,6.3652mm,Top,90.00
C53,37.8699mm,6.3652mm,Top,90.00
C54,0.7624mm,-26.3114mm,Top,0.00
C55,29.2556mm,-20.1591mm,Top,0.00
C56,40.2091mm,-62.6612mm,Top,90.00
C57,40.8112mm,-58.0880mm,Top,90.00
C58,46.3494mm,-24.3966mm,Top,270.00
C59,15.6477mm,-40.5098mm,Top,90.00
C6,34.0687mm,-38.4591mm,Top,90.00
C60,32.8991mm,-36.1153mm,Top,90.00
C61,9.9573mm,-52.0926mm,Top,180.00
C62,12.4313mm,-12.0919mm,Top,90.00
C63,26.3316mm,-11.9559mm,Top,0.00
C64,21.9456mm,1.5206mm,Top,0.00
C65,42.4135mm,-18.1083mm,Top,0.00
C66,44.7526mm,2.9855mm,Top,0.00
C67,7.7529mm,-38.7520mm,Top,90.00
C68,32.1795mm,-19.8661mm,Top,180.00
C69,36.5655mm,-18.6942mm,Top,180.00
C7,2.3402mm,-0.7187mm,Top,180.00
C70,26.4664mm,-22.9317mm,Top,90.00
C76,20.0336mm,-33.1856mm,Top,90.00
C77,6.8757mm,-48.1270mm,Top,270.00
C78,22.9576mm,-40.8028mm,Top,90.00
C79,31.5947mm,-50.9208mm,Top,0.00
C8,2.9398mm,-2.2880mm,Top,180.00
C80,42.1211mm,-8.7333mm,Top,0.00
C81,15.2205mm,-50.6278mm,Top,180.00
C82,27.3436mm,-7.4044mm,Top,270.00
C83,33.9339mm,-50.9208mm,Top,0.00
C84,16.9749mm,-36.2723mm,Top,180.00
C85,44.5726mm,-19.4320mm,Top,90.00
C86,25.0044mm,-56.9161mm,Top,270.00
C87,33.1915mm,-52.8145mm,Top,270.00
C88,26.4664mm,-56.9161mm,Top,270.00
C89,31.4147mm,-53.4164mm,Top,270.00
C9,12.0041mm,-20.7450mm,Top,0.00
C90,35.5307mm,-38.7520mm,Top,90.00
C91,37.4427mm,-43.3036mm,Top,0.00
D1,4.9000mm,-22.5000mm,Top,0.00
D10,24.7500mm,-57.5000mm,Bottom,90.00
D11,14.0000mm,-48.8000mm,Bottom,180.00
D12,15.9000mm,-50.8000mm,Bottom,180.00
D2,6.3500mm,-22.5000mm,Top,0.00
D21,17.9500mm,-22.5000mm,Top,0.00
D22,19.4500mm,-22.5000mm,Top,0.00
D23,20.9000mm,-22.7000mm,Top,0.00
D24,23.4000mm,-22.9000mm,Top,0.00
D25,4.0000mm,-42.9000mm,Top,0.00
D26,17.5000mm,-39.5000mm,Top,0.00
D27,23.7000mm,-38.9000mm,Top,0.00
D28,25.4000mm,-38.9000mm,Top,0.00
D29,33.5000mm,-49.3000mm,Top,0.00
D3,7.8000mm,-22.5000mm,Top,0.00
D30,19.3000mm,-41.0000mm,Top,0.00
D4,37.1827mm,-17.2394mm,Top,180.00
D5,40.6914mm,-50.0012mm,Top,180.00
D6,12.1500mm,-22.5000mm,Top,0.00
D7,13.6000mm,-22.5000mm,Top,0.00
D8,15.0500mm,-22.5000mm,Top,0.00
D9,16.5000mm,-22.5000mm,Top,0.00
J1,26.0000mm,7.8000mm,Top,180.00
J10,46.8000mm,-45.9000mm,Bottom,90.00
J11,46.8000mm,-57.5000mm,Bottom,90.00
J2,12.4000mm,-5.0031mm,Bottom,180.00
J3,26.5000mm,-62.8500mm,Top,0.00
J5,18.6000mm,-62.9000mm,Bottom,180.00
J6,9.0000mm,-62.9000mm,Bottom,180.00
J7,14.5000mm,-62.8500mm,Top,0.00
J9,46.8000mm,-17.5000mm,Bottom,90.00
L1,44.9563mm,-45.4433mm,Top,270.00
L2,41.1551mm,-30.2089mm,Top,90.00
Q1,2.8305mm,-50.2366mm,Top,270.00
Q2,24.8103mm,-0.4671mm,Top,180.00
Q3,4.9418mm,-10.6606mm,Top,0.00
Q4,36.7986mm,-51.4437mm,Top,180.00
R1,42.5582mm,8.7289mm,Top,270.00
R10,6.4685mm,-54.1334mm,Top,0.00
R100,36.7103mm,-2.9898mm,Top,270.00
R101,46.6518mm,6.0922mm,Top,270.00
R102,8.6810mm,-11.6856mm,Top,90.00
R103,10.1798mm,-11.6856mm,Top,90.00
R106,43.6030mm,-43.0006mm,Top,180.00
R109,10.8545mm,-39.4850mm,Top,0.00
R11,46.3594mm,-14.4156mm,Top,270.00
R110,43.0182mm,-40.9498mm,Top,180.00
R112,12.3165mm,-46.2233mm,Top,0.00
R113,29.6928mm,-30.2359mm,Top,270.00
R114,6.4685mm,-50.0319mm,Top,0.00
R115,46.0670mm,-29.9430mm,Top,270.00
R116,28.8156mm,-17.0523mm,Top,270.00
R117,27.5212mm,-38.8991mm,Top,0.00
R118,35.7000mm,-46.8000mm,Top,180.00
R119,35.7000mm,-59.0000mm,Top,180.00
R12,46.6518mm,8.4359mm,Top,90.00
R120,34.3000mm,-51.0000mm,Bottom,90.00
R121,34.3000mm,-42.2000mm,Bottom,90.00
R122,34.6500mm,-60.5000mm,Bottom,90.00
R13,39.9267mm,-18.5172mm,Top,270.00
R14,30.7375mm,-9.0162mm,Top,180.00
R15,46.2346mm,-9.8951mm,Top,0.00
R16,45.9422mm,-1.3991mm,Top,0.00
R17,46.2346mm,-28.0592mm,Top,180.00
R18,31.4471mm,-34.9234mm,Top,270.00
R19,9.9773mm,-42.4147mm,Top,180.00
R2,32.3243mm,5.2133mm,Top,270.00
R20,14.1957mm,-46.6422mm,Top,270.00
R21,33.0767mm,-24.2506mm,Top,180.00
R22,39.0495mm,-55.5437mm,Top,270.00
R23,34.3711mm,-34.9234mm,Top,270.00
R24,40.9715mm,-27.7662mm,Top,180.00
R25,3.8370mm,-40.6569mm,Top,180.00
R26,34.2463mm,4.1673mm,Top,180.00
R27,46.2346mm,-3.7428mm,Top,0.00
R28,46.2346mm,-11.9459mm,Top,180.00
R29,42.2659mm,-15.8805mm,Top,270.00
R3,25.0144mm,-16.7594mm,Top,270.00
R30,41.9735mm,-1.8180mm,Top,270.00
R31,46.6518mm,2.5766mm,Top,270.00
R32,4.1000mm,-30.1125mm,Bottom,270.00
R33,10.5500mm,-28.8937mm,Bottom,270.00
R34,17.0000mm,-30.1125mm,Bottom,270.00
R35,23.4500mm,-30.1125mm,Bottom,270.00
R36,29.9000mm,-30.1125mm,Bottom,270.00
R39,18.1644mm,-10.7741mm,Top,0.00
R40,30.2775mm,-18.2242mm,Top,90.00
R41,23.5524mm,-5.3336mm,Top,270.00
R42,0.0358mm,-13.9967mm,Top,180.00
R43,33.9539mm,-62.6295mm,Top,0.00
R44,34.9559mm,-28.1852mm,Top,270.00
R45,46.2346mm,-47.6881mm,Top,0.00
R46,44.0202mm,-58.9469mm,Top,90.00
R47,11.4393mm,-43.8795mm,Top,0.00
R48,-0.7166mm,-56.6031mm,Top,270.00
R49,24.5972mm,-35.3834mm,Top,0.00
R5,39.8019mm,-44.1803mm,Top,0.00
R50,12.6089mm,-56.7702mm,Top,180.00
R51,3.6694mm,-62.7555mm,Top,270.00
R52,14.6557mm,-48.5670mm,Top,180.00
R53,11.8565mm,-34.6305mm,Top,90.00
R59,22.2580mm,-14.5826mm,Top,0.00
R6,15.6577mm,-46.6422mm,Top,90.00
R60,31.9071mm,-29.2311mm,Top,180.00
R62,-0.7166mm,-20.2750mm,Top,90.00
R63,26.4764mm,-19.3961mm,Top,270.00
R64,21.0884mm,-21.0280mm,Top,0.00
R65,13.6109mm,-33.4586mm,Top,90.00
R66,43.0182mm,-49.1530mm,Top,180.00
R67,22.8428mm,0.0658mm,Top,180.00
R68,39.2171mm,-26.0084mm,Top,180.00
R69,41.3887mm,-19.9820mm,Top,270.00
R7,34.9559mm,-30.5289mm,Top,90.00
R70,22.6752mm,-17.3453mm,Top,270.00
R71,10.5621mm,-9.3092mm,Top,180.00
R72,23.7200mm,-8.7233mm,Top,180.00
R73,18.7492mm,-9.3092mm,Top,180.00
R74,28.5232mm,-27.8922mm,Top,90.00
R75,39.6343mm,8.7289mm,Top,270.00
R76,4.1000mm,-30.1125mm,Top,270.00
R77,10.5500mm,-28.8937mm,Top,270.00
R78,17.0000mm,-30.1125mm,Top,270.00
R79,23.4500mm,-30.1125mm,Top,270.00
R8,-0.7166mm,-43.4195mm,Top,270.00
R80,4.1000mm,-38.8000mm,Bottom,90.00
R81,10.5500mm,-37.6000mm,Bottom,90.00
R82,17.0000mm,-38.8000mm,Bottom,90.00
R83,23.4500mm,-38.8000mm,Bottom,90.00
R84,24.3048mm,-25.2678mm,Top,0.00
R85,18.5816mm,-16.7594mm,Top,270.00
R86,32.1995mm,-25.7155mm,Top,180.00
R87,19.3340mm,-13.7037mm,Top,180.00
R88,-0.2566mm,-24.5436mm,Top,0.00
R89,32.7843mm,-3.7428mm,Top,180.00
R9,7.9305mm,-62.9225mm,Top,180.00
R90,44.8974mm,-49.5719mm,Top,270.00
R91,44.3126mm,-12.3648mm,Top,270.00
R92,41.2812mm,-46.2233mm,Top,0.00
R93,41.5215mm,-36.2953mm,Top,180.00
R94,22.6428mm,-43.7484mm,Top,270.00
R95,11.4393mm,-40.9498mm,Top,0.00
R96,36.7103mm,-55.5437mm,Top,90.00
R97,33.6615mm,-21.3209mm,Top,0.00
R98,9.9773mm,-45.3444mm,Top,180.00
R99,20.9208mm,-56.8961mm,Top,270.00
SW1,45.3002mm,-34.6112mm,Top,90.00
SW2,2.0254mm,-57.1698mm,Top,90.00
U1,12.4000mm,0.5000mm,Top,0.00
U10,20.0000mm,-55.5000mm,Bottom,180.00
U11,20.2000mm,-50.4000mm,Bottom,0.00
U12,10.3000mm,-50.8000mm,Bottom,180.00
U13,32.3930mm,-31.9697mm,Top,0.00
U14,20.2074mm,-36.7647mm,Top,270.00
U15,40.7974mm,-38.8250mm,Top,0.00
U16,13.4000mm,-56.0000mm,Bottom,180.00
U17,43.7182mm,-22.8047mm,Top,180.00
U18,26.8996mm,-44.3670mm,Top,90.00
U19,17.0877mm,-43.4355mm,Top,270.00
U2,26.6716mm,-4.4706mm,Top,270.00
U20,20.2000mm,-50.4000mm,Top,0.00
U21,22.7932mm,-11.8878mm,Top,0.00
U22,26.1000mm,-47.5500mm,Bottom,180.00
U23,7.6000mm,-47.0000mm,Bottom,180.00
U24,14.0985mm,-36.9331mm,Top,270.00
U25,28.2564mm,-36.1542mm,Top,0.00
U26,37.5403mm,-40.7987mm,Top,180.00
U3,37.4055mm,-33.3445mm,Top,270.00
U4,33.0271mm,-41.7706mm,Top,0.00
U5,12.4873mm,-16.6401mm,Top,0.00
U6,27.2000mm,-50.8000mm,Bottom,180.00
U7,37.5859mm,-11.0808mm,Top,180.00
U8,40.5947mm,2.1958mm,Top,270.00
U9,38.0697mm,-22.4406mm,Top,270.00
